AcctId,ShipAcctId,OpenOnly,InvoiceDateStart,InvoiceDateEnd,InvoiceMatch,JobId,ShowFinanceCharges,ShowLines,ShowPayments,InvoiceType,InvoiceId,AgingRange,Skip,Take,Count
198555,,true,,,,,false,false,false,,,,10,782,true
118495,,true,,,,,true,false,true,,,,8,523,true
165832,,false,,,,,false,false,true,,,,8,47,false
169151,,false,,,,,true,false,true,,,,2,945,true
170338,,false,,,,,true,false,false,,,,0,67,false
174223,,false,,,,,false,true,true,,,,2,213,false
174989,,false,,,,,true,false,false,,,,0,942,false
175875,,true,,,,,true,false,false,,,,3,225,false
177777,,true,,,,,true,false,true,,,,0,383,true
183943,,true,,,,,true,false,false,,,,5,640,false
184013,,true,,,,,false,false,true,,,,1,14,false
184647,,false,,,,,true,false,true,,,,0,473,true
185569,,false,,,,,true,false,true,,,,3,798,true
186517,,true,,,,,false,false,false,,,,0,732,true
190399,,true,,,,,false,false,false,,,,9,54,true
195294,,false,,,,,true,true,true,,,,4,297,false
197988,,false,,,,,false,false,false,,,,2,235,true
200058,,true,,,,,true,true,false,,,,6,80,true
201862,,false,,,,,true,false,true,,,,0,960,true
204631,,false,,,,,true,false,false,,,,0,778,false
205251,,true,,,,,false,false,true,,,,3,881,false
206938,,true,,,,,false,false,true,,,,6,996,false
213027,,true,,,,,false,true,true,,,,0,855,true
214238,,false,,,,,true,true,true,,,,1,111,true
216196,,true,,,,,true,true,false,,,,8,139,false
221948,,false,,,,,true,false,true,,,,9,753,true
226125,,false,,,,,true,true,false,,,,7,420,true
226965,,false,,,,,false,false,false,,,,0,615,true
229120,,true,,,,,true,true,true,,,,2,813,true
232657,,true,,,,,false,false,true,,,,5,992,false
234405,,false,,,,,false,true,false,,,,0,672,true
235465,,true,,,,,false,true,false,,,,8,136,true
236616,,false,,,,,true,false,true,,,,2,723,false
237446,,false,,,,,false,true,true,,,,10,460,true
238296,,false,,,,,true,false,false,,,,9,426,false
239084,,false,,,,,false,false,true,,,,9,45,false
240203,,false,,,,,true,true,true,,,,3,209,false
241319,,true,,,,,false,true,true,,,,0,451,false
242269,,true,,,,,true,false,false,,,,5,37,false
242644,,false,,,,,true,false,true,,,,10,343,false
243033,,false,,,,,false,true,false,,,,0,680,true
243308,,true,,,,,true,false,true,,,,9,591,true
243998,,false,,,,,false,true,false,,,,9,531,true
244800,,true,,,,,false,false,true,,,,10,661,true
245135,,true,,,,,true,true,true,,,,7,768,false
245510,,false,,,,,false,false,true,,,,9,762,true
246617,,false,,,,,false,true,true,,,,6,427,true
246852,,false,,,,,true,true,false,,,,6,13,false
247116,,true,,,,,false,false,false,,,,0,418,true
247687,,true,,,,,true,true,false,,,,0,809,true
247743,,false,,,,,true,true,false,,,,9,109,false
248331,,false,,,,,false,true,false,,,,10,39,true
248674,,true,,,,,false,false,false,,,,0,4,true
248862,,false,,,,,false,false,true,,,,9,399,false
249124,,true,,,,,false,false,true,,,,7,792,true
249560,,true,,,,,false,true,true,,,,10,869,false
250080,,true,,,,,false,false,true,,,,0,724,true
250567,,false,,,,,true,true,true,,,,8,293,true
250903,,false,,,,,true,true,true,,,,4,178,true
251328,,false,,,,,true,true,false,,,,4,850,true
251587,,false,,,,,false,true,false,,,,9,873,true
251740,,true,,,,,true,true,false,,,,0,892,true
251857,,true,,,,,true,false,true,,,,5,532,true
251915,,true,,,,,false,false,false,,,,8,665,false
252114,,true,,,,,false,true,false,,,,0,17,false
252512,,false,,,,,false,false,false,,,,0,822,true
253085,,true,,,,,true,false,false,,,,4,889,true
253545,,true,,,,,true,false,true,,,,8,314,true
253730,,true,,,,,false,false,false,,,,0,276,true
253966,,true,,,,,true,true,false,,,,8,89,false
253975,,false,,,,,true,false,true,,,,10,559,false
254142,,false,,,,,true,false,false,,,,4,25,false
254298,,false,,,,,true,false,false,,,,5,683,false
254412,,false,,,,,true,false,true,,,,6,976,true
254713,,false,,,,,false,true,false,,,,2,296,true
255068,,false,,,,,false,false,false,,,,0,145,true
256574,,false,,,,,false,true,true,,,,0,76,true
256984,,false,,,,,true,false,false,,,,9,296,false
257523,,true,,,,,false,false,true,,,,9,776,false
450342,,false,,,,,false,false,false,,,,7,707,false
451188,,true,,,,,true,false,true,,,,10,495,true
35455787,,true,,,,,false,true,true,,,,7,591,true
35456742,,false,,,,,true,false,true,,,,0,127,false
35462051,,true,,,,,true,false,true,,,,0,864,true
35466410,,true,,,,,true,false,false,,,,10,82,true
35500937,,false,,,,,true,false,true,,,,7,76,false
40366374,,true,,,,,false,false,false,,,,0,26,true
40366498,,false,,,,,false,true,false,,,,9,846,false
40367088,,true,,,,,true,true,true,,,,0,12,false
40367686,,true,,,,,true,true,true,,,,0,60,false
40368460,,true,,,,,true,false,true,,,,0,784,true
40371880,,false,,,,,false,true,true,,,,7,264,false
40374048,,true,,,,,true,false,false,,,,5,988,false
407374416,,false,,,,,true,true,true,,,,6,427,false
407374645,,true,,,,,false,false,true,,,,0,458,true
407377105,,false,,,,,true,true,false,,,,1,662,false
407379406,,false,,,,,true,false,false,,,,2,292,true
407381759,,false,,,,,true,true,false,,,,5,702,true
407387947,,true,,,,,false,true,true,,,,1,491,false
407390078,,false,,,,,false,false,true,,,,0,217,true
407390177,,false,,,,,false,true,true,,,,4,801,true
407392146,,true,,,,,false,true,true,,,,6,561,true
2938483132,,true,,,,,false,true,false,,,,9,897,false
2938488965,,true,,,,,true,false,true,,,,0,832,true
2938494311,,true,,,,,true,true,true,,,,9,931,false
2938495340,,false,,,,,false,true,true,,,,4,764,true
2938495415,,true,,,,,false,true,false,,,,1,806,false
2938498172,,true,,,,,true,false,true,,,,0,754,true
2938501773,,false,,,,,false,false,false,,,,5,936,false
2938505168,,false,,,,,true,false,true,,,,7,639,false
2938505695,,false,,,,,false,false,true,,,,6,276,true
2938506825,,true,,,,,true,false,true,,,,2,941,true
2938523830,,true,,,,,false,false,false,,,,0,103,false
2938525933,,false,,,,,false,true,true,,,,1,60,true
2938530363,,false,,,,,false,true,true,,,,3,48,false
2938536019,,false,,,,,false,true,false,,,,1,208,false
2938537005,,true,,,,,false,false,true,,,,1,602,false
2938537934,,false,,,,,true,false,true,,,,0,722,true
2938540561,,true,,,,,true,false,false,,,,5,215,true
2938541471,,false,,,,,true,true,false,,,,2,366,false
2938541844,,true,,,,,true,true,true,,,,2,158,true
2938549722,,true,,,,,false,true,false,,,,0,189,false
2938553143,,true,,,,,true,false,true,,,,0,109,false
2938553855,,true,,,,,false,true,true,,,,0,186,false
2938558134,,false,,,,,true,false,true,,,,7,836,true
2938560766,,true,,,,,false,true,true,,,,0,781,false
2938581629,,true,,,,,false,true,true,,,,9,534,true
2938588000,,false,,,,,true,false,true,,,,0,912,false
2938588258,,true,,,,,true,true,false,,,,7,697,false
2938588272,,true,,,,,false,false,true,,,,8,570,true
2938588712,,false,,,,,false,true,true,,,,0,383,true
2938588960,,true,,,,,false,true,false,,,,2,439,true
2938592350,,true,,,,,true,true,false,,,,4,210,false
2938597965,,false,,,,,true,true,true,,,,0,823,false
2938602191,,false,,,,,false,true,true,,,,0,358,false
2938603118,,false,,,,,false,true,true,,,,9,488,false
2938603673,,false,,,,,false,true,false,,,,0,259,true
